<appaction uniquename="ppc__PublishTheme!2a0f794223de4eb3af14898f95c49ad2!PowerPlatformEnvironmentSettings!ppc_environmenttheme!0">
  <appmoduleid>
    <uniquename>PowerPlatformEnvironmentSettings</uniquename>
  </appmoduleid>
  <buttonaccessibilitytext default="Save &amp; Publish Theme">
    <label description="Save &amp; Publish Theme" languagecode="1033" />
  </buttonaccessibilitytext>
  <buttonlabeltext default="Publish Theme">
    <label description="Publish Theme" languagecode="1033" />
  </buttonlabeltext>
  <buttontooltiptitle default="Save &amp; Publish Theme">
    <label description="Save &amp; Publish Theme" languagecode="1033" />
  </buttontooltiptitle>
  <context>1</context>
  <contextentity>
    <logicalname>ppc_environmenttheme</logicalname>
  </contextentity>
  <contextvalue>ppc_environmenttheme</contextvalue>
  <fonticon>UpArrow</fonticon>
  <hidden>0</hidden>
  <iscustomizable>1</iscustomizable>
  <isdisabled>0</isdisabled>
  <isgrouptitlehidden>0</isgrouptitlehidden>
  <location>0</location>
  <name>PublishTheme!2a0f794223de4eb3af14898f95c49ad2</name>
  <onclickeventjavascriptfunctionname>SavePublishTheme</onclickeventjavascriptfunctionname>
  <onclickeventjavascriptparameters>[{"type":5}]</onclickeventjavascriptparameters>
  <onclickeventjavascriptwebresourceid>
    <webresourceid>99057336-0793-ef11-8a68-7c1e521db8d4</webresourceid>
  </onclickeventjavascriptwebresourceid>
  <onclickeventtype>2</onclickeventtype>
  <origin>0</origin>
  <sequence>100100005.5000000000</sequence>
  <statecode>0</statecode>
  <statuscode>1</statuscode>
  <type>0</type>
  <visibilitytype>0</visibilitytype>
</appaction>