{
  "properties": {
    "connectionReferences": {
      "shared_commondataserviceforapps": {
        "runtimeSource": "embedded",
        "connection": {
          "connectionReferenceLogicalName": "ppc_sharedcommondataserviceforapps_cf106"
        },
        "api": {
          "name": "shared_commondataserviceforapps"
        }
      }
    },
    "definition": {
      "$schema": "https://schema.management.azure.com/providers/Microsoft.Logic/schemas/2016-06-01/workflowdefinition.json#",
      "contentVersion": "1.0.0.0",
      "parameters": {
        "$connections": {
          "defaultValue": {},
          "type": "Object"
        },
        "$authentication": {
          "defaultValue": {},
          "type": "SecureObject"
        }
      },
      "triggers": {
        "manual": {
          "metadata": {
            "operationMetadataId": "17dd800a-c7d8-426b-a4cf-50926015667d"
          },
          "type": "Request",
          "kind": "Http",
          "inputs": {
            "schema": {
              "type": "object",
              "properties": {
                "recordId": {
                  "type": "string"
                }
              }
            },
            "method": "POST",
            "triggerAuthenticationType": "All"
          }
        }
      },
      "actions": {
        "List_Environment_Themes_rows": {
          "runAfter": {},
          "metadata": {
            "operationMetadataId": "afdb2d54-c35d-4e87-b45b-b140eb01a3ed"
          },
          "type": "OpenApiConnection",
          "inputs": {
            "host": {
              "connectionName": "shared_commondataserviceforapps",
              "operationId": "ListRecords",
              "apiId": "/providers/Microsoft.PowerApps/apis/shared_commondataserviceforapps"
            },
            "parameters": {
              "entityName": "ppc_environmentthemes",
              "$filter": "ppc_environmentthemeid eq '@{triggerBody()?['recordId']}'"
            },
            "authentication": "@parameters('$authentication')"
          }
        },
        "Response": {
          "runAfter": {
            "Apply_to_each": [
              "Succeeded"
            ]
          },
          "metadata": {
            "operationMetadataId": "ccc57eab-fdf2-47b4-9855-240bdad82e13"
          },
          "type": "Response",
          "kind": "Http",
          "inputs": {
            "statusCode": 200,
            "schema": {
              "type": "object",
              "properties": {
                "statusCode": {
                  "type": "integer"
                },
                "body": {
                  "type": "object",
                  "properties": {
                    "message": {
                      "type": "string"
                    },
                    "result": {
                      "type": "object",
                      "properties": {
                        "recordStatus": {
                          "type": "string"
                        }
                      }
                    }
                  }
                }
              }
            }
          }
        },
        "Initialize_Environment_Theme_XML_Content": {
          "runAfter": {
            "List_Environment_Themes_rows": [
              "Succeeded"
            ]
          },
          "metadata": {
            "operationMetadataId": "3d8cdbd8-f276-473b-9a64-b94f8af0667b"
          },
          "type": "InitializeVariable",
          "inputs": {
            "variables": [
              {
                "name": "Environment Theme XML Content",
                "type": "string"
              }
            ]
          }
        },
        "Apply_to_Environment_Theme_XML_Content": {
          "foreach": "@outputs('List_Environment_Themes_rows')?['body/value']",
          "actions": {
            "Set_Environment_Theme_XML_Content": {
              "runAfter": {},
              "metadata": {
                "operationMetadataId": "2f2c99ed-5262-4633-9cd2-19e556443d69"
              },
              "type": "SetVariable",
              "inputs": {
                "name": "Environment Theme XML Content",
                "value": "<AppHeaderColors \n  background=\"#@{items('Apply_to_Environment_Theme_XML_Content')?['ppc_background']}\"\n  foreground=\"#@{items('Apply_to_Environment_Theme_XML_Content')?['ppc_foreground']}\" \n  backgroundHover=\"#@{items('Apply_to_Environment_Theme_XML_Content')?['ppc_backgroundhover']}\" \n  foregroundHover=\"#@{items('Apply_to_Environment_Theme_XML_Content')?['ppc_foregroundhover']}\"\n  backgroundPressed=\"#@{items('Apply_to_Environment_Theme_XML_Content')?['ppc_backgroundpressed']}\"\n  foregroundPressed=\"#@{items('Apply_to_Environment_Theme_XML_Content')?['ppc_foregroundpressed']}\"\n  backgroundSelected=\"#@{items('Apply_to_Environment_Theme_XML_Content')?['ppc_backgroundselected']}\" \n  foregroundSelected=\"#@{items('Apply_to_Environment_Theme_XML_Content')?['ppc_foregroundselected']}\"\n/>"
              }
            }
          },
          "runAfter": {
            "Initialize_Environment_Theme_XML_Content": [
              "Succeeded"
            ]
          },
          "metadata": {
            "operationMetadataId": "839a7f4b-ef31-450b-894b-65e270a8d094"
          },
          "type": "Foreach"
        },
        "List_Web_Resources_eq_'ppc_enviromentcolours'": {
          "runAfter": {
            "Apply_to_Environment_Theme_XML_Content": [
              "Succeeded"
            ]
          },
          "metadata": {
            "operationMetadataId": "402c16af-df71-4998-a995-781950d3ce60"
          },
          "type": "OpenApiConnection",
          "inputs": {
            "host": {
              "connectionName": "shared_commondataserviceforapps",
              "operationId": "ListRecords",
              "apiId": "/providers/Microsoft.PowerApps/apis/shared_commondataserviceforapps"
            },
            "parameters": {
              "entityName": "webresourceset",
              "$filter": "name eq 'ppc_enviromentcolours'"
            },
            "authentication": "@parameters('$authentication')"
          }
        },
        "Apply_to_each": {
          "foreach": "@outputs('List_Web_Resources_eq_''ppc_enviromentcolours''')?['body/value']",
          "actions": {
            "Update_Web_Resource": {
              "runAfter": {},
              "metadata": {
                "operationMetadataId": "b8eac45e-93f3-4135-bd99-0b10256cacb7"
              },
              "type": "OpenApiConnection",
              "inputs": {
                "host": {
                  "connectionName": "shared_commondataserviceforapps",
                  "operationId": "UpdateRecord",
                  "apiId": "/providers/Microsoft.PowerApps/apis/shared_commondataserviceforapps"
                },
                "parameters": {
                  "entityName": "webresourceset",
                  "recordId": "@items('Apply_to_each')?['webresourceid']",
                  "item/content": "@base64(variables('Environment Theme XML Content'))"
                },
                "authentication": "@parameters('$authentication')"
              }
            }
          },
          "runAfter": {
            "List_Web_Resources_eq_'ppc_enviromentcolours'": [
              "Succeeded"
            ]
          },
          "metadata": {
            "operationMetadataId": "705f2927-db67-4d8d-b9ef-42077b91772d"
          },
          "type": "Foreach"
        }
      }
    },
    "templateName": ""
  },
  "schemaVersion": "1.0.0.0"
}