<ImportExportXml version="9.2.24103.204" SolutionPackageVersion="9.2" languagecode="1033" generatedBy="CrmLive" xmlns:xsi="http://www.w3.org/2001/XMLSchema-instance" OrganizationVersion="9.2.24103.204" OrganizationSchemaType="Standard" CRMServerServiceabilityVersion="9.2.24103.00204">
  <SolutionManifest>
    <UniqueName>MDAppsModernThemes</UniqueName>
    <LocalizedNames>
      <LocalizedName description="MDApps Modern Themes" languagecode="1033" />
    </LocalizedNames>
    <Descriptions />
    <Version>1.0.0.8</Version>
    <Managed>0</Managed>
    <Publisher>
      <UniqueName>ppcookbook</UniqueName>
      <LocalizedNames>
        <LocalizedName description="PP Cookbook" languagecode="1033" />
      </LocalizedNames>
      <Descriptions />
      <EMailAddress xsi:nil="true"></EMailAddress>
      <SupportingWebsiteUrl xsi:nil="true"></SupportingWebsiteUrl>
      <CustomizationPrefix>ppc</CustomizationPrefix>
      <CustomizationOptionValuePrefix>89427</CustomizationOptionValuePrefix>
      <Addresses>
        <Address>
          <AddressNumber>1</AddressNumber>
          <AddressTypeCode>1</AddressTypeCode>
          <City xsi:nil="true"></City>
          <County xsi:nil="true"></County>
          <Country xsi:nil="true"></Country>
          <Fax xsi:nil="true"></Fax>
          <FreightTermsCode xsi:nil="true"></FreightTermsCode>
          <ImportSequenceNumber xsi:nil="true"></ImportSequenceNumber>
          <Latitude xsi:nil="true"></Latitude>
          <Line1 xsi:nil="true"></Line1>
          <Line2 xsi:nil="true"></Line2>
          <Line3 xsi:nil="true"></Line3>
          <Longitude xsi:nil="true"></Longitude>
          <Name xsi:nil="true"></Name>
          <PostalCode xsi:nil="true"></PostalCode>
          <PostOfficeBox xsi:nil="true"></PostOfficeBox>
          <PrimaryContactName xsi:nil="true"></PrimaryContactName>
          <ShippingMethodCode>1</ShippingMethodCode>
          <StateOrProvince xsi:nil="true"></StateOrProvince>
          <Telephone1 xsi:nil="true"></Telephone1>
          <Telephone2 xsi:nil="true"></Telephone2>
          <Telephone3 xsi:nil="true"></Telephone3>
          <TimeZoneRuleVersionNumber xsi:nil="true"></TimeZoneRuleVersionNumber>
          <UPSZone xsi:nil="true"></UPSZone>
          <UTCOffset xsi:nil="true"></UTCOffset>
          <UTCConversionTimeZoneCode xsi:nil="true"></UTCConversionTimeZoneCode>
        </Address>
        <Address>
          <AddressNumber>2</AddressNumber>
          <AddressTypeCode>1</AddressTypeCode>
          <City xsi:nil="true"></City>
          <County xsi:nil="true"></County>
          <Country xsi:nil="true"></Country>
          <Fax xsi:nil="true"></Fax>
          <FreightTermsCode xsi:nil="true"></FreightTermsCode>
          <ImportSequenceNumber xsi:nil="true"></ImportSequenceNumber>
          <Latitude xsi:nil="true"></Latitude>
          <Line1 xsi:nil="true"></Line1>
          <Line2 xsi:nil="true"></Line2>
          <Line3 xsi:nil="true"></Line3>
          <Longitude xsi:nil="true"></Longitude>
          <Name xsi:nil="true"></Name>
          <PostalCode xsi:nil="true"></PostalCode>
          <PostOfficeBox xsi:nil="true"></PostOfficeBox>
          <PrimaryContactName xsi:nil="true"></PrimaryContactName>
          <ShippingMethodCode>1</ShippingMethodCode>
          <StateOrProvince xsi:nil="true"></StateOrProvince>
          <Telephone1 xsi:nil="true"></Telephone1>
          <Telephone2 xsi:nil="true"></Telephone2>
          <Telephone3 xsi:nil="true"></Telephone3>
          <TimeZoneRuleVersionNumber xsi:nil="true"></TimeZoneRuleVersionNumber>
          <UPSZone xsi:nil="true"></UPSZone>
          <UTCOffset xsi:nil="true"></UTCOffset>
          <UTCConversionTimeZoneCode xsi:nil="true"></UTCConversionTimeZoneCode>
        </Address>
      </Addresses>
    </Publisher>
    <RootComponents>
      <RootComponent type="1" schemaName="ppc_environmenttheme" behavior="0" />
      <RootComponent type="29" id="{eb5aae7f-c89d-ef11-8a69-6045bdd199bb}" behavior="0" />
      <RootComponent type="61" schemaName="ppc_Colorwheel" behavior="0" />
      <RootComponent type="61" schemaName="ppc_enviromentcolours" behavior="0" />
      <RootComponent type="61" schemaName="ppc_PublishCustomisations" behavior="0" />
      <RootComponent type="62" schemaName="PowerPlatformEnvironmentSettings" behavior="0" />
      <RootComponent type="80" schemaName="PowerPlatformEnvironmentSettings" behavior="0" />
    </RootComponents>
    <MissingDependencies>
      <MissingDependency>
        <Required type="61" schemaName="ActivityFeedsConfig.svg" displayName="ActivityFeedsConfig.svg" solution="PowerPlatformEnvironmentSettings (1.1.0.2917)">
          <package>PowerPlatformEnvironmentSettingsApp_Anchor (1.1.0.6641)</package>
        </Required>
        <Dependent type="62" schemaName="PowerPlatformEnvironmentSettings" />
      </MissingDependency>
      <MissingDependency>
        <Required type="61" schemaName="ActivityFeedsRules.svg" displayName="ActivityFeedsRules.svg" solution="PowerPlatformEnvironmentSettings (1.1.0.2917)">
          <package>PowerPlatformEnvironmentSettingsApp_Anchor (1.1.0.6641)</package>
        </Required>
        <Dependent type="62" schemaName="PowerPlatformEnvironmentSettings" />
      </MissingDependency>
      <MissingDependency>
        <Required type="61" schemaName="Administration.svg" displayName="Administration.svg" solution="PowerPlatformEnvironmentSettings (1.1.0.2917)">
          <package>PowerPlatformEnvironmentSettingsApp_Anchor (1.1.0.6641)</package>
        </Required>
        <Dependent type="62" schemaName="PowerPlatformEnvironmentSettings" />
      </MissingDependency>
      <MissingDependency>
        <Required type="61" schemaName="Auditing.svg" displayName="Auditing.svg" solution="PowerPlatformEnvironmentSettings (1.1.0.2917)">
          <package>PowerPlatformEnvironmentSettingsApp_Anchor (1.1.0.6641)</package>
        </Required>
        <Dependent type="62" schemaName="PowerPlatformEnvironmentSettings" />
      </MissingDependency>
      <MissingDependency>
        <Required type="61" schemaName="BusinessManagement.svg" displayName="BusinessManagement.svg" solution="PowerPlatformEnvironmentSettings (1.1.0.2917)">
          <package>PowerPlatformEnvironmentSettingsApp_Anchor (1.1.0.6641)</package>
        </Required>
        <Dependent type="62" schemaName="PowerPlatformEnvironmentSettings" />
      </MissingDependency>
      <MissingDependency>
        <Required type="61" schemaName="Customizations.svg" displayName="Customizations.svg" solution="PowerPlatformEnvironmentSettings (1.1.0.2917)">
          <package>PowerPlatformEnvironmentSettingsApp_Anchor (1.1.0.6641)</package>
        </Required>
        <Dependent type="62" schemaName="PowerPlatformEnvironmentSettings" />
      </MissingDependency>
      <MissingDependency>
        <Required type="61" schemaName="D365AppForOutlook.svg" displayName="D365AppForOutlook.svg" solution="PowerPlatformEnvironmentSettings (1.1.0.2917)">
          <package>PowerPlatformEnvironmentSettingsApp_Anchor (1.1.0.6641)</package>
        </Required>
        <Dependent type="62" schemaName="PowerPlatformEnvironmentSettings" />
      </MissingDependency>
      <MissingDependency>
        <Required type="61" schemaName="DataManagement.svg" displayName="DataManagement.svg" solution="PowerPlatformEnvironmentSettings (1.1.0.2917)">
          <package>PowerPlatformEnvironmentSettingsApp_Anchor (1.1.0.6641)</package>
        </Required>
        <Dependent type="62" schemaName="PowerPlatformEnvironmentSettings" />
      </MissingDependency>
      <MissingDependency>
        <Required type="61" schemaName="DocumentManagement.svg" displayName="DocumentManagement.svg" solution="PowerPlatformEnvironmentSettings (1.1.0.2917)">
          <package>PowerPlatformEnvironmentSettingsApp_Anchor (1.1.0.6641)</package>
        </Required>
        <Dependent type="62" schemaName="PowerPlatformEnvironmentSettings" />
      </MissingDependency>
      <MissingDependency>
        <Required type="61" schemaName="EmailConfig.svg" displayName="EmailConfig.svg" solution="PowerPlatformEnvironmentSettings (1.1.0.2917)">
          <package>PowerPlatformEnvironmentSettingsApp_Anchor (1.1.0.6641)</package>
        </Required>
        <Dependent type="62" schemaName="PowerPlatformEnvironmentSettings" />
      </MissingDependency>
      <MissingDependency>
        <Required type="61" schemaName="GearGeneral.svg" displayName="GearGeneral.svg" solution="PowerPlatformEnvironmentSettings (1.1.0.2917)">
          <package>PowerPlatformEnvironmentSettingsApp_Anchor (1.1.0.6641)</package>
        </Required>
        <Dependent type="80" schemaName="PowerPlatformEnvironmentSettings" displayName="Power Platform Environment Settings" />
      </MissingDependency>
      <MissingDependency>
        <Required type="61" schemaName="MicrosoftAppSource.svg" displayName="MicrosoftAppSource.svg" solution="PowerPlatformEnvironmentSettings (1.1.0.2917)">
          <package>PowerPlatformEnvironmentSettingsApp_Anchor (1.1.0.6641)</package>
        </Required>
        <Dependent type="62" schemaName="PowerPlatformEnvironmentSettings" />
      </MissingDependency>
      <MissingDependency>
        <Required type="61" schemaName="MicrosoftFlow.svg" displayName="MicrosoftFlow.svg" solution="PowerPlatformEnvironmentSettings (1.1.0.2917)">
          <package>PowerPlatformEnvironmentSettingsApp_Anchor (1.1.0.6641)</package>
        </Required>
        <Dependent type="62" schemaName="PowerPlatformEnvironmentSettings" />
      </MissingDependency>
      <MissingDependency>
        <Required type="61" schemaName="MobileOffline.svg" displayName="MobileOffline.svg" solution="PowerPlatformEnvironmentSettings (1.1.0.2917)">
          <package>PowerPlatformEnvironmentSettingsApp_Anchor (1.1.0.6641)</package>
        </Required>
        <Dependent type="62" schemaName="PowerPlatformEnvironmentSettings" />
      </MissingDependency>
      <MissingDependency>
        <Required type="61" schemaName="PluginTraceLog.svg" displayName="PluginTraceLog.svg" solution="PowerPlatformEnvironmentSettings (1.1.0.2917)">
          <package>PowerPlatformEnvironmentSettingsApp_Anchor (1.1.0.6641)</package>
        </Required>
        <Dependent type="62" schemaName="PowerPlatformEnvironmentSettings" />
      </MissingDependency>
      <MissingDependency>
        <Required type="61" schemaName="Process.svg" displayName="Process.svg" solution="PowerPlatformEnvironmentSettings (1.1.0.2917)">
          <package>PowerPlatformEnvironmentSettingsApp_Anchor (1.1.0.6641)</package>
        </Required>
        <Dependent type="62" schemaName="PowerPlatformEnvironmentSettings" />
      </MissingDependency>
      <MissingDependency>
        <Required type="61" schemaName="ProductCatalog.svg" displayName="ProductCatalog.svg" solution="PowerPlatformEnvironmentSettings (1.1.0.2917)">
          <package>PowerPlatformEnvironmentSettingsApp_Anchor (1.1.0.6641)</package>
        </Required>
        <Dependent type="62" schemaName="PowerPlatformEnvironmentSettings" />
      </MissingDependency>
      <MissingDependency>
        <Required type="61" schemaName="SalesInsights.svg" displayName="SalesInsights.svg" solution="PowerPlatformEnvironmentSettings (1.1.0.2917)">
          <package>PowerPlatformEnvironmentSettingsApp_Anchor (1.1.0.6641)</package>
        </Required>
        <Dependent type="62" schemaName="PowerPlatformEnvironmentSettings" />
      </MissingDependency>
      <MissingDependency>
        <Required type="61" schemaName="Security.svg" displayName="Security.svg" solution="PowerPlatformEnvironmentSettings (1.1.0.2917)">
          <package>PowerPlatformEnvironmentSettingsApp_Anchor (1.1.0.6641)</package>
        </Required>
        <Dependent type="62" schemaName="PowerPlatformEnvironmentSettings" />
      </MissingDependency>
      <MissingDependency>
        <Required type="61" schemaName="ServiceManagement.svg" displayName="ServiceManagement.svg" solution="PowerPlatformEnvironmentSettings (1.1.0.2917)">
          <package>PowerPlatformEnvironmentSettingsApp_Anchor (1.1.0.6641)</package>
        </Required>
        <Dependent type="62" schemaName="PowerPlatformEnvironmentSettings" />
      </MissingDependency>
      <MissingDependency>
        <Required type="61" schemaName="Solutions.svg" displayName="Solutions.svg" solution="PowerPlatformEnvironmentSettings (1.1.0.2917)">
          <package>PowerPlatformEnvironmentSettingsApp_Anchor (1.1.0.6641)</package>
        </Required>
        <Dependent type="62" schemaName="PowerPlatformEnvironmentSettings" />
      </MissingDependency>
      <MissingDependency>
        <Required type="61" schemaName="SolutionsHistory.svg" displayName="SolutionsHistory.svg" solution="PowerPlatformEnvironmentSettings (1.1.0.2917)">
          <package>PowerPlatformEnvironmentSettingsApp_Anchor (1.1.0.6641)</package>
        </Required>
        <Dependent type="62" schemaName="PowerPlatformEnvironmentSettings" />
      </MissingDependency>
      <MissingDependency>
        <Required type="61" schemaName="SyncError.svg" displayName="SyncError.svg" solution="PowerPlatformEnvironmentSettings (1.1.0.2917)">
          <package>PowerPlatformEnvironmentSettingsApp_Anchor (1.1.0.6641)</package>
        </Required>
        <Dependent type="62" schemaName="PowerPlatformEnvironmentSettings" />
      </MissingDependency>
      <MissingDependency>
        <Required type="61" schemaName="SystemJob.svg" displayName="SystemJob.svg" solution="PowerPlatformEnvironmentSettings (1.1.0.2917)">
          <package>PowerPlatformEnvironmentSettingsApp_Anchor (1.1.0.6641)</package>
        </Required>
        <Dependent type="62" schemaName="PowerPlatformEnvironmentSettings" />
      </MissingDependency>
      <MissingDependency>
        <Required type="61" schemaName="Templates.svg" displayName="Templates.svg" solution="PowerPlatformEnvironmentSettings (1.1.0.2917)">
          <package>PowerPlatformEnvironmentSettingsApp_Anchor (1.1.0.6641)</package>
        </Required>
        <Dependent type="62" schemaName="PowerPlatformEnvironmentSettings" />
      </MissingDependency>
      <MissingDependency>
        <Required type="62" schemaName="PowerPlatformEnvironmentSettings" solution="PowerPlatformEnvironmentSettings (1.1.0.2917)">
          <package>PowerPlatformEnvironmentSettingsApp_Anchor (1.1.0.6641)</package>
        </Required>
        <Dependent type="62" schemaName="PowerPlatformEnvironmentSettings" />
      </MissingDependency>
      <MissingDependency>
        <Required type="80" schemaName="PowerPlatformEnvironmentSettings" displayName="Power Platform Environment Settings" solution="PowerPlatformEnvironmentSettings (1.1.0.2917)">
          <package>PowerPlatformEnvironmentSettingsApp_Anchor (1.1.0.6641)</package>
        </Required>
        <Dependent type="80" schemaName="PowerPlatformEnvironmentSettings" displayName="Power Platform Environment Settings" />
      </MissingDependency>
      <MissingDependency>
        <Required type="SettingDefinition" displayName="OverrideAppHeaderColor" solution="msdyn_PowerAppsThemingSettings (1.0.0.13)" id.uniquename="OverrideAppHeaderColor">
          <package>PowerAppsThemingApp_Anchor (1.0.0.12)</package>
        </Required>
        <Dependent type="OrganizationSetting" displayName="OverrideAppHeaderColor" id.settingdefinitionid.uniquename="OverrideAppHeaderColor" />
      </MissingDependency>
    </MissingDependencies>
  </SolutionManifest>
</ImportExportXml>